Networks_age,Diet_1,Diet_2,Difference,StdErr,pValue,Lower,Upper
Lmb and SoM 3M,BF,XF,-0.0153646426323808,0.00303860772285446,0.00587356943579409,-0.0258916154408261,-0.00483766982393549
Lmb and SoM 3M,XF,BF,0.0153646426323808,0.00303860772285446,0.00587356943579409,0.00483766982393549,0.0258916154408261
Lmb and SoM 9M,BF,XF,0.00767892922626939,0.0022020171775755,0.0483858387533971,5.02462680456849e-05,0.0153076121844931
Lmb and SoM 9M,XF,BF,-0.00767892922626939,0.0022020171775755,0.0483858387533977,-0.0153076121844931,-5.02462680456841e-05
Lmb and SoM 3M,BF,UF,-0.0105708580178758,0.00303860772285446,0.0489719476868947,-0.021097830826321,-4.3885209430463e-05
Lmb and SoM 3M,UF,BF,0.0105708580178758,0.00303860772285446,0.0489719476868947,4.3885209430463e-05,0.021097830826321
Lmb and Vis 9M,UF,XF,0.0260123825330837,0.00837907823125753,0.0842826232041933,-0.00301615183048429,0.0550409168966518
Lmb and Vis 9M,XF,UF,-0.0260123825330837,0.00837907823125753,0.0842826232041933,-0.0550409168966518,0.00301615183048429
Lmb and SoM 3M,BF,SF,-0.00871747292390478,0.00303860772285446,0.11883340298051,-0.0192444457323501,0.00180949988454051
Lmb and SoM 3M,SF,BF,0.00871747292390478,0.00303860772285446,0.11883340298051,-0.00180949988454051,0.0192444457323501
Lmb and SoM 9M,UF,XF,0.00588591629129734,0.0022020171775755,0.157877715315641,-0.00174276666692636,0.0135145992495211
Lmb and SoM 9M,XF,UF,-0.00588591629129734,0.0022020171775755,0.157877715315641,-0.0135145992495211,0.00174276666692636
Lmb and Vis 9M,BF,XF,0.0220021993890583,0.00837907823125754,0.168949483328635,-0.00702633497450972,0.0510307337526263
Lmb and Vis 9M,XF,BF,-0.0220021993890583,0.00837907823125754,0.168949483328635,-0.0510307337526263,0.00702633497450973
SoM and Vis 3M,BF,UF,-0.00947570099120391,0.00369905674199027,0.185205747372341,-0.022290737774974,0.00333933579256618
SoM and Vis 3M,UF,BF,0.00947570099120391,0.00369905674199027,0.185205747372341,-0.00333933579256618,0.022290737774974
SoM and Vis 3M,UF,XF,0.00928724744861184,0.00369905674199027,0.199119710102327,-0.00352778933515825,0.0221022842323819
SoM and Vis 3M,XF,UF,-0.00928724744861184,0.00369905674199027,0.199119710102327,-0.0221022842323819,0.00352778933515825
SoM and SoM 5M,BF,XF,0.0116483782979897,0.00520425399197126,0.29042654413648,-0.00638127385146881,0.0296780304474483
SoM and SoM 5M,XF,BF,-0.0116483782979897,0.00520425399197126,0.29042654413648,-0.0296780304474483,0.00638127385146881
Lmb and SoM 3M,SF,XF,-0.006647169708476,0.00303860772285446,0.310783220676367,-0.0171741425169213,0.00387980309996929
Lmb and SoM 3M,XF,SF,0.006647169708476,0.00303860772285446,0.310783220676367,-0.00387980309996929,0.0171741425169213
Vis and Vis 7M,BF,XF,0.0320047144374946,0.0147898333205426,0.320641839262279,-0.0192332825029376,0.0832427113779267
Vis and Vis 7M,XF,BF,-0.0320047144374946,0.0147898333205426,0.320641839262279,-0.0832427113779267,0.0192332825029376
Vis and Vis 1M,BF,XF,-0.0401397755237297,0.0187033023055133,0.3282495394454,-0.104935620448824,0.0246560694013644
Vis and Vis 1M,XF,BF,0.0401397755237297,0.0187033023055133,0.3282495394454,-0.0246560694013644,0.104935620448824
Lmb and SoM 9M,SF,XF,0.00462699214501748,0.0022020171775755,0.347999109334514,-0.00300169081320623,0.0122556751032412
Lmb and SoM 9M,XF,SF,-0.00462699214501748,0.0022020171775755,0.347999109334515,-0.0122556751032412,0.00300169081320623
Lmb and SoM 5M,BF,XF,-0.00744836121507312,0.00372307174411835,0.395390664090158,-0.020346595731968,0.00544987330182179
Lmb and SoM 5M,XF,BF,0.00744836121507312,0.00372307174411835,0.395390664090158,-0.00544987330182179,0.020346595731968
SoM and SoM 3M,BF,XF,0.0148035150301649,0.00765150339783173,0.42863768192688,-0.0117044042405186,0.0413114343008483
SoM and SoM 3M,XF,BF,-0.0148035150301649,0.00765150339783173,0.42863768192688,-0.0413114343008483,0.0117044042405186
Lmb and Vis 9M,SF,XF,0.0160200936417777,0.00837907823125753,0.440534103730451,-0.0130084407217904,0.0450486280053457
Lmb and Vis 9M,XF,SF,-0.0160200936417777,0.00837907823125753,0.440534103730451,-0.0450486280053457,0.0130084407217904
Vis and Vis 7M,UF,XF,0.0279735605490614,0.0147898333205426,0.451396584309023,-0.0232644363913708,0.0792115574894935
Vis and Vis 7M,XF,UF,-0.0279735605490614,0.0147898333205426,0.451396584309023,-0.0792115574894935,0.0232644363913708
Lmb and Lmb 9M,UF,XF,0.0115679763256148,0.00626299934690626,0.475393482948749,-0.0101296002744531,0.0332655529256828
Lmb and Lmb 9M,XF,UF,-0.0115679763256148,0.00626299934690626,0.475393482948749,-0.0332655529256828,0.0101296002744531
Vis and Vis 7M,SF,XF,0.026245027286033,0.0147898333205426,0.51593164013231,-0.0249929696543991,0.0774830242264651
Vis and Vis 7M,XF,SF,-0.026245027286033,0.0147898333205426,0.51593164013231,-0.0774830242264651,0.0249929696543991
Lmb and Vis 7M,BF,XF,0.00894397728685479,0.00506984726985024,0.521854703329548,-0.00862003532038899,0.0265079898940986
Lmb and Vis 7M,XF,BF,-0.00894397728685479,0.00506984726985024,0.521854703329548,-0.0265079898940986,0.00862003532038899
Lmb and Lmb 9M,BF,XF,0.0109938284451459,0.00626299934690626,0.526890933987331,-0.010703748154922,0.0326914050452139
Lmb and Lmb 9M,XF,BF,-0.0109938284451459,0.00626299934690626,0.526890933987331,-0.0326914050452139,0.010703748154922
Vis and Vis 9M,XF,SF,0.0105934602701141,0.00604302444638961,0.528243567646725,-0.0103420338212897,0.0315289543615179
Vis and Vis 9M,SF,XF,-0.0105934602701141,0.00604302444638961,0.528243567646725,-0.0315289543615179,0.0103420338212897
Vis and Vis 3M,BF,UF,0.0107459662055061,0.00625881795676707,0.54911610851211,-0.0109371243587483,0.0324290567697604
Vis and Vis 3M,UF,BF,-0.0107459662055061,0.00625881795676707,0.54911610851211,-0.0324290567697604,0.0109371243587483
SoM and Vis 1M,BF,SF,-0.016976690111219,0.00989635500365753,0.549980233542937,-0.0512616882182991,0.0173083079958612
SoM and Vis 1M,SF,BF,0.016976690111219,0.00989635500365753,0.549980233542937,-0.0173083079958612,0.0512616882182991
SoM and Vis 7M,BF,XF,0.0162433052572838,0.00951233202569911,0.554556358978153,-0.0167112810903644,0.0491978916049319
SoM and Vis 7M,XF,BF,-0.0162433052572838,0.00951233202569911,0.554556358978153,-0.0491978916049319,0.0167112810903644
SoM and SoM 9M,SF,UF,0.0194138175803608,0.011591773835478,0.573815133869146,-0.0207448008059221,0.0595724359666436
SoM and SoM 9M,UF,SF,-0.0194138175803608,0.011591773835478,0.573815133869146,-0.0595724359666436,0.0207448008059221
Vis and Vis 9M,SF,UF,-0.00983637419393893,0.00604302444638961,0.601697732519977,-0.0307718682853427,0.0110991198974649
Vis and Vis 9M,UF,SF,0.00983637419393893,0.00604302444638961,0.601697732519977,-0.0110991198974649,0.0307718682853427
Lmb and SoM 3M,UF,XF,-0.00479378461450502,0.00303860772285446,0.631560047291246,-0.0153207574229503,0.00573318819394027
Lmb and SoM 3M,XF,UF,0.00479378461450502,0.00303860772285446,0.631560047291246,-0.00573318819394027,0.0153207574229503
Vis and Vis 1M,BF,UF,-0.0294115653286842,0.0187033023055133,0.634598888171149,-0.0942074102537783,0.0353842795964099
Vis and Vis 1M,UF,BF,0.0294115653286842,0.0187033023055133,0.634598888171149,-0.0353842795964099,0.0942074102537783
SoM and SoM 7M,BF,XF,0.0162494889839176,0.0105288812560344,0.652020199726856,-0.0202268372795803,0.0527258152474155
SoM and SoM 7M,XF,BF,-0.0162494889839176,0.0105288812560344,0.652020199726856,-0.0527258152474155,0.0202268372795803
Lmb and Lmb 5M,XF,SF,-0.0084534940095011,0.00552985441498542,0.660728489014446,-0.027611158430405,0.0107041704114028
Lmb and Lmb 5M,SF,XF,0.0084534940095011,0.00552985441498542,0.660728489014447,-0.0107041704114028,0.027611158430405
SoM and Vis 3M,SF,UF,-0.00557963506033194,0.00369905674199027,0.672791962302327,-0.018394671844102,0.00723540172343815
SoM and Vis 3M,UF,SF,0.00557963506033194,0.00369905674199027,0.672791962302327,-0.00723540172343815,0.018394671844102
SoM and SoM 5M,SF,XF,0.00777659168103061,0.00520425399197126,0.681152455871768,-0.0102530604684279,0.0258062438304892
SoM and SoM 5M,XF,SF,-0.00777659168103061,0.00520425399197126,0.681152455871768,-0.0258062438304892,0.0102530604684279
SoM and SoM 9M,SF,XF,0.0172792634387398,0.011591773835478,0.683296225035135,-0.022879354947543,0.0574378818250226
SoM and SoM 9M,XF,SF,-0.0172792634387398,0.011591773835478,0.683296225035135,-0.0574378818250226,0.022879354947543
Lmb and SoM 5M,UF,XF,-0.00540893392701267,0.00372307174411835,0.705529153288246,-0.0183071684439076,0.00748930058988224
Lmb and SoM 5M,XF,UF,0.00540893392701267,0.00372307174411835,0.705529153288246,-0.00748930058988224,0.0183071684439076
Lmb and SoM 7M,BF,XF,0.00913346999714309,0.00632076762348611,0.710090835915158,-0.0127642394045935,0.0310311793988797
Lmb and SoM 7M,XF,BF,-0.00913346999714309,0.00632076762348611,0.710090835915158,-0.0310311793988797,0.0127642394045935
Lmb and Vis 3M,BF,UF,0.010506540958199,0.00734539249189971,0.718589739418473,-0.0149408856536664,0.0359539675700645
Lmb and Vis 3M,UF,BF,-0.010506540958199,0.00734539249189971,0.718589739418473,-0.0359539675700645,0.0149408856536664
Lmb and SoM 9M,BF,SF,0.00305193708125192,0.0022020171775755,0.744011766172135,-0.00457674587697179,0.0106806200394756
Lmb and SoM 9M,SF,BF,-0.00305193708125192,0.0022020171775755,0.744011766172135,-0.0106806200394756,0.00457674587697179
Lmb and Vis 3M,UF,XF,-0.0101309963936782,0.00734539249189971,0.747820121184004,-0.0355784230055436,0.0153164302181873
Lmb and Vis 3M,XF,UF,0.0101309963936782,0.00734539249189971,0.747820121184004,-0.0153164302181873,0.0355784230055436
SoM and Vis 7M,BF,SF,0.0128283006340834,0.00951233202569911,0.764920142255318,-0.0201262857135647,0.0457828869817316
SoM and Vis 7M,SF,BF,-0.0128283006340834,0.00951233202569911,0.764920142255318,-0.0457828869817316,0.0201262857135647
Lmb and Vis 7M,XF,SF,-0.00652203985371511,0.00506984726985024,0.79841371435258,-0.0240860524609589,0.0110419727535287
Lmb and Vis 7M,SF,XF,0.00652203985371511,0.00506984726985024,0.79841371435258,-0.0110419727535287,0.0240860524609589
Vis and Vis 5M,BF,SF,-0.0143599099016049,0.0111855677231897,0.799799964673298,-0.0531112651303171,0.0243914453271074
Vis and Vis 5M,SF,BF,0.0143599099016049,0.0111855677231897,0.799799964673298,-0.0243914453271074,0.0531112651303171
Lmb and SoM 5M,BF,SF,-0.00473469148373716,0.00372307174411835,0.806074062686787,-0.0176329260006321,0.00816354303315775
Lmb and SoM 5M,SF,BF,0.00473469148373716,0.00372307174411835,0.806074062686787,-0.00816354303315775,0.0176329260006321
Vis and Vis 3M,UF,XF,-0.00794871374412455,0.00625881795676707,0.80695862206536,-0.0296318043083789,0.0137343768201298
Vis and Vis 3M,XF,UF,0.00794871374412455,0.00625881795676707,0.80695862206536,-0.0137343768201298,0.0296318043083789
SoM and Vis 7M,UF,XF,0.0119322295864498,0.00951233202569911,0.814939393808955,-0.0210223567611983,0.044886815934098
SoM and Vis 7M,XF,UF,-0.0119322295864498,0.00951233202569911,0.814939393808955,-0.044886815934098,0.0210223567611983
Vis and Vis 1M,BF,SF,-0.0234592895766139,0.0187033023055133,0.81499509758937,-0.088255134501708,0.0413365553484802
Vis and Vis 1M,SF,BF,0.0234592895766139,0.0187033023055133,0.81499509758937,-0.0413365553484802,0.088255134501708
Lmb and Lmb 1M,XF,BF,0.0130534085148634,0.01050141505082,0.820673992941169,-0.0233277636445794,0.0494345806743063
Lmb and Lmb 1M,BF,XF,-0.0130534085148634,0.01050141505082,0.820673992941169,-0.0494345806743063,0.0233277636445794
SoM and SoM 3M,UF,XF,0.00931027652729586,0.00765150339783173,0.833598179306345,-0.0171976427433876,0.0358181957979793
SoM and SoM 3M,XF,UF,-0.00931027652729586,0.00765150339783173,0.833598179306345,-0.0358181957979793,0.0171976427433876
Lmb and Lmb 5M,BF,SF,-0.00672055464689122,0.00552985441498542,0.834309525459882,-0.0258782190677951,0.0124371097740126
Lmb and Lmb 5M,SF,BF,0.00672055464689122,0.00552985441498542,0.834309525459882,-0.0124371097740126,0.0258782190677951
Vis and Vis 5M,BF,XF,-0.0134554623084021,0.0111855677231897,0.840259098204461,-0.0522068175371144,0.0252958929203101
Vis and Vis 5M,XF,BF,0.0134554623084021,0.0111855677231897,0.840259098204461,-0.0252958929203101,0.0522068175371144
SoM and SoM 3M,XF,SF,-0.00920414029676088,0.00765150339783173,0.840264556365054,-0.0357120595674443,0.0173037789739226
SoM and SoM 3M,SF,XF,0.00920414029676087,0.00765150339783173,0.840264556365055,-0.0173037789739226,0.0357120595674443
Lmb and Vis 9M,SF,UF,-0.00999228889130607,0.00837907823125753,0.845178113230676,-0.0390208232548741,0.019036245472262
Lmb and Vis 9M,UF,SF,0.00999228889130607,0.00837907823125753,0.845178113230676,-0.019036245472262,0.0390208232548741
Lmb and Vis 7M,BF,UF,0.0059574432416048,0.00506984726985024,0.853272990614761,-0.011606569365639,0.0235214558488486
Lmb and Vis 7M,UF,BF,-0.0059574432416048,0.00506984726985024,0.853272990614761,-0.0235214558488486,0.011606569365639
SoM and Vis 9M,BF,UF,0.0115080119728664,0.00992293455848687,0.860215235383489,-0.0228690685207767,0.0458850924665095
SoM and Vis 9M,UF,BF,-0.0115080119728664,0.00992293455848687,0.860215235383489,-0.0458850924665095,0.0228690685207767
Lmb and SoM 1M,UF,XF,-0.00614087911355257,0.00529840730995203,0.860543492884648,-0.0244967166441492,0.0122149584170441
Lmb and SoM 1M,XF,UF,0.00614087911355257,0.00529840730995203,0.860543492884648,-0.0122149584170441,0.0244967166441492
Vis and Vis 3M,BF,SF,0.00714826230607534,0.00625881795676707,0.867993954130588,-0.014534828258179,0.0288313528703297
Vis and Vis 3M,SF,BF,-0.00714826230607534,0.00625881795676707,0.867993954130588,-0.0288313528703297,0.014534828258179
SoM and SoM 5M,BF,UF,0.00592001303541135,0.00520425399197126,0.869977650608088,-0.0121096391140472,0.0239496651848699
SoM and SoM 5M,UF,BF,-0.00592001303541135,0.00520425399197126,0.869977650608088,-0.0239496651848699,0.0121096391140472
Lmb and Lmb 5M,SF,UF,0.00616556065511548,0.00552985441498542,0.879538954610993,-0.0129921037657884,0.0253232250760193
Lmb and Lmb 5M,UF,SF,-0.00616556065511548,0.00552985441498542,0.879538954610993,-0.0253232250760193,0.0129921037657884
Lmb and Lmb 1M,UF,XF,-0.0116709277370778,0.01050141505082,0.881025660224042,-0.0480520998965207,0.024710244422365
Lmb and Lmb 1M,XF,UF,0.0116709277370778,0.01050141505082,0.881025660224042,-0.024710244422365,0.0480520998965207
Lmb and Lmb 3M,BF,UF,0.0100107942988189,0.00905949734572533,0.883635234207072,-0.0213749885711869,0.0413965771688246
Lmb and Lmb 3M,UF,BF,-0.0100107942988189,0.00905949734572533,0.883635234207072,-0.0413965771688246,0.0213749885711869
SoM and SoM 5M,UF,XF,0.00572836526257838,0.00520425399197126,0.885380788587863,-0.0123012868868802,0.0237580174120369
SoM and SoM 5M,XF,UF,-0.00572836526257838,0.00520425399197126,0.885380788587863,-0.0237580174120369,0.0123012868868802
SoM and SoM 7M,UF,XF,0.0115727646571512,0.0105288812560344,0.886012424307652,-0.0249035616063467,0.0480490909206491
SoM and SoM 7M,XF,UF,-0.0115727646571512,0.0105288812560344,0.886012424307652,-0.0480490909206491,0.0249035616063467
Lmb and Lmb 7M,BF,UF,0.011962668008294,0.0110610552047309,0.893007040910606,-0.0263573252231887,0.0502826612397767
Lmb and Lmb 7M,UF,BF,-0.011962668008294,0.0110610552047309,0.893007040910606,-0.0502826612397767,0.0263573252231887
SoM and SoM 7M,BF,SF,0.0113776976096868,0.0105288812560344,0.893355518888158,-0.0250986286538111,0.0478540238731847
SoM and SoM 7M,SF,BF,-0.0113776976096868,0.0105288812560344,0.893355518888158,-0.0478540238731847,0.0250986286538111
Vis and Vis 9M,BF,SF,0.00652986353676786,0.00604302444638961,0.89337721738128,-0.0144056305546359,0.0274653576281717
Vis and Vis 9M,SF,BF,-0.00652986353676786,0.00604302444638961,0.89337721738128,-0.0274653576281717,0.0144056305546359
SoM and Vis 1M,BF,UF,-0.0106271115490598,0.00989635500365753,0.895975694819854,-0.04491210965614,0.0236578865580203
SoM and Vis 1M,UF,BF,0.0106271115490598,0.00989635500365753,0.895975694819854,-0.0236578865580203,0.04491210965614
SoM and Vis 3M,BF,SF,-0.00389606593087197,0.00369905674199027,0.903713951686045,-0.0167111027146421,0.00891897085289812
SoM and Vis 3M,SF,BF,0.00389606593087197,0.00369905674199027,0.903713951686045,-0.00891897085289812,0.0167111027146421
SoM and Vis 9M,SF,UF,0.0103895500315656,0.00992293455848686,0.905992614521944,-0.0239875304620774,0.0447666305252087
SoM and Vis 9M,UF,SF,-0.0103895500315656,0.00992293455848686,0.905992614521944,-0.0447666305252087,0.0239875304620774
SoM and Vis 3M,SF,XF,0.0037076123882799,0.00369905674199027,0.921423749568905,-0.00910742439549018,0.01652264917205
SoM and Vis 3M,XF,SF,-0.0037076123882799,0.00369905674199027,0.921423749568905,-0.01652264917205,0.00910742439549019
SoM and Vis 5M,SF,XF,0.00552620641884256,0.00567685122534872,0.930525894062705,-0.0141407147297343,0.0251931275674194
SoM and Vis 5M,XF,SF,-0.00552620641884256,0.00567685122534872,0.930525894062705,-0.0251931275674194,0.0141407147297343
Vis and Vis 5M,BF,UF,-0.0108106841010808,0.0111855677231897,0.93262635829357,-0.0495620393297931,0.0279406711276315
Vis and Vis 5M,UF,BF,0.0108106841010808,0.0111855677231897,0.93262635829357,-0.0279406711276315,0.0495620393297931
SoM and Vis 5M,BF,XF,0.00546061133638377,0.00567685122534872,0.933982512995673,-0.0142063098121931,0.0251275324849606
SoM and Vis 5M,XF,BF,-0.00546061133638377,0.00567685122534872,0.933982512995674,-0.0251275324849606,0.0142063098121931
SoM and Vis 1M,BF,XF,-0.00951831266899423,0.00989635500365753,0.934014499674446,-0.0438033107760744,0.0247666854380859
SoM and Vis 1M,XF,BF,0.00951831266899423,0.00989635500365753,0.934014499674446,-0.0247666854380859,0.0438033107760744
Lmb and Lmb 9M,SF,UF,-0.00592750986885133,0.00626299934690626,0.938442820082858,-0.0276250864689193,0.0157700667312167
Lmb and Lmb 9M,UF,SF,0.00592750986885133,0.00626299934690626,0.938442820082858,-0.0157700667312167,0.0276250864689193
Lmb and SoM 7M,BF,UF,0.00591301752068791,0.00632076762348611,0.941480130088989,-0.0159846918810487,0.0278107269224245
Lmb and SoM 7M,UF,BF,-0.00591301752068791,0.00632076762348611,0.941480130088989,-0.0278107269224245,0.0159846918810487
Lmb and Lmb 7M,BF,XF,0.0102607880986196,0.0110610552047309,0.943597172417573,-0.0280592051328631,0.0485807813301023
Lmb and Lmb 7M,XF,BF,-0.0102607880986196,0.0110610552047309,0.943597172417573,-0.0485807813301023,0.0280592051328631
Lmb and Lmb 1M,BF,SF,-0.00967190709852624,0.01050141505082,0.945351618156474,-0.0460530792579691,0.0267092650609166
Lmb and Lmb 1M,SF,BF,0.00967190709852624,0.01050141505082,0.945351618156474,-0.0267092650609166,0.0460530792579691
Lmb and Lmb 9M,SF,XF,0.0056404664567635,0.00626299934690626,0.950524148807421,-0.0160571101433045,0.0273380430568315
Lmb and Lmb 9M,XF,SF,-0.0056404664567635,0.00626299934690626,0.950524148807421,-0.0273380430568315,0.0160571101433045
Lmb and SoM 1M,BF,XF,-0.00476915837690572,0.00529840730995204,0.950644232311675,-0.0231249959075024,0.013586679153691
Lmb and SoM 1M,XF,BF,0.00476915837690572,0.00529840730995204,0.950644232311675,-0.013586679153691,0.0231249959075024
SoM and Vis 7M,SF,UF,-0.00851722496324948,0.00951233202569911,0.951792755759661,-0.0414718113108976,0.0244373613843987
SoM and Vis 7M,UF,SF,0.00851722496324948,0.00951233202569911,0.951792755759661,-0.0244373613843987,0.0414718113108976
Vis and Vis 1M,SF,XF,-0.0166804859471158,0.0187033023055133,0.95264206627195,-0.0814763308722099,0.0481153589779783
Vis and Vis 1M,XF,SF,0.0166804859471158,0.0187033023055133,0.95264206627195,-0.0481153589779783,0.0814763308722099
SoM and Vis 9M,UF,XF,-0.00876558467880703,0.00992293455848686,0.954636588767725,-0.0431426651724501,0.025611495814836
SoM and Vis 9M,XF,UF,0.00876558467880703,0.00992293455848686,0.954636588767725,-0.025611495814836,0.0431426651724501
Lmb and SoM 7M,SF,XF,0.0054940760197244,0.00632076762348611,0.95784135077932,-0.0164036333820122,0.027391785421461
Lmb and SoM 7M,XF,SF,-0.0054940760197244,0.00632076762348611,0.95784135077932,-0.027391785421461,0.0164036333820122
Lmb and Lmb 9M,BF,SF,0.00535336198838243,0.00626299934690626,0.960954147697568,-0.0163442146116855,0.0270509385884504
Lmb and Lmb 9M,SF,BF,-0.00535336198838243,0.00626299934690626,0.960954147697568,-0.0270509385884504,0.0163442146116855
SoM and SoM 9M,BF,SF,-0.00979585754792209,0.011591773835478,0.962953078963889,-0.0499544759342049,0.0303627608383608
SoM and SoM 9M,SF,BF,0.00979585754792209,0.011591773835478,0.962953078963889,-0.0303627608383608,0.0499544759342049
SoM and SoM 9M,BF,UF,0.00961796003243869,0.011591773835478,0.965975707972099,-0.0305406583538442,0.0497765784187215
SoM and SoM 9M,UF,BF,-0.00961796003243869,0.011591773835478,0.965975707972099,-0.0497765784187215,0.0305406583538442
Lmb and SoM 9M,BF,UF,0.00179301293497204,0.0022020171775755,0.968847013928777,-0.00583567002325167,0.00942169589319575
Lmb and SoM 9M,UF,BF,-0.00179301293497204,0.0022020171775755,0.968847013928777,-0.00942169589319575,0.00583567002325167
Lmb and Vis 3M,SF,UF,0.00583449945543157,0.00734539249189971,0.972299617948256,-0.0196129271564339,0.031281926067297
Lmb and Vis 3M,UF,SF,-0.00583449945543157,0.00734539249189971,0.972299617948256,-0.031281926067297,0.0196129271564339
Lmb and Lmb 1M,SF,UF,0.00828942632074063,0.01050141505082,0.973112295041667,-0.0280917458387022,0.0446705984801835
Lmb and Lmb 1M,UF,SF,-0.00828942632074063,0.01050141505082,0.973112295041667,-0.0446705984801835,0.0280917458387022
Lmb and Vis 1M,BF,XF,-0.00598622500032196,0.0078214913453565,0.976822416749371,-0.0330830516472019,0.021110601646558
Lmb and Vis 1M,XF,BF,0.00598622500032196,0.0078214913453565,0.976822416749371,-0.021110601646558,0.0330830516472019
SoM and SoM 1M,UF,XF,0.00747601285996953,0.00990061880328701,0.978290538044615,-0.0268237567829106,0.0417757825028496
SoM and SoM 1M,XF,UF,-0.00747601285996953,0.00990061880328701,0.978290538044615,-0.0417757825028496,0.0268237567829106
SoM and Vis 1M,SF,XF,0.00745837744222475,0.00989635500365753,0.978493676532537,-0.0268266206648554,0.0417433755493049
SoM and Vis 1M,XF,SF,-0.00745837744222475,0.00989635500365753,0.978493676532537,-0.0417433755493049,0.0268266206648554
SoM and SoM 5M,BF,SF,0.00387178661695914,0.00520425399197126,0.979809804430111,-0.0141578655324994,0.0219014387664177
SoM and SoM 5M,SF,BF,-0.00387178661695914,0.00520425399197126,0.979809804430111,-0.0219014387664177,0.0141578655324994
SoM and SoM 3M,BF,SF,0.005599374733404,0.00765150339783173,0.981380420207348,-0.0209085445372795,0.0321072940040875
SoM and SoM 3M,SF,BF,-0.005599374733404,0.00765150339783173,0.981380420207348,-0.0321072940040875,0.0209085445372795
Lmb and Lmb 7M,BF,SF,0.00808296407666162,0.0110610552047309,0.981510704489678,-0.0302370291548211,0.0464029573081443
Lmb and Lmb 7M,SF,BF,-0.00808296407666162,0.0110610552047309,0.981510704489678,-0.0464029573081443,0.0302370291548211
Lmb and Lmb 3M,BF,XF,0.0066127109511341,0.00905949734572533,0.981615102210153,-0.0247730719188717,0.0379984938211399
Lmb and Lmb 3M,XF,BF,-0.00661271095113409,0.00905949734572533,0.981615102210153,-0.0379984938211399,0.0247730719188717
Lmb and SoM 5M,SF,XF,-0.00271366973133596,0.00372307174411835,0.981744116734146,-0.0156119042482309,0.0101845647855589
Lmb and SoM 5M,XF,SF,0.00271366973133596,0.00372307174411835,0.981744116734146,-0.0101845647855589,0.0156119042482309
Lmb and SoM 5M,SF,UF,0.00269526419567671,0.00372307174411835,0.982347888740828,-0.0102029703212182,0.0155934987125716
Lmb and SoM 5M,UF,SF,-0.00269526419567671,0.00372307174411835,0.982347888740828,-0.0155934987125716,0.0102029703212182
SoM and SoM 3M,BF,UF,0.00549323850286901,0.00765150339783173,0.983061895665731,-0.0210146807678145,0.0320011577735525
SoM and SoM 3M,UF,BF,-0.00549323850286901,0.00765150339783173,0.983061895665731,-0.0320011577735525,0.0210146807678145
Lmb and Vis 9M,BF,SF,0.00598210574728065,0.00837907823125753,0.983525159100768,-0.0230464286162874,0.0350106401108487
Lmb and Vis 9M,SF,BF,-0.00598210574728065,0.00837907823125753,0.983525159100768,-0.0350106401108487,0.0230464286162874
Lmb and Vis 7M,SF,UF,0.00353550580846513,0.00506984726985024,0.985349084904701,-0.0140285067987786,0.0210995184157089
Lmb and Vis 7M,UF,SF,-0.00353550580846513,0.00506984726985024,0.985349084904701,-0.0210995184157089,0.0140285067987786
Lmb and Vis 1M,UF,XF,-0.00544124318520583,0.0078214913453565,0.985525450932714,-0.0325380698320858,0.0216555834616741
Lmb and Vis 1M,XF,UF,0.00544124318520583,0.0078214913453565,0.985525450932714,-0.0216555834616741,0.0325380698320858
Vis and Vis 3M,SF,XF,-0.00435100984469383,0.00625881795676707,0.985577371984929,-0.0260341004089482,0.0173320807195605
Vis and Vis 3M,XF,SF,0.00435100984469383,0.00625881795676707,0.985577371984929,-0.0173320807195605,0.0260341004089482
Vis and Vis 9M,BF,XF,-0.00406359673334626,0.00604302444638961,0.987807017600659,-0.0249990908247501,0.0168718973580576
Vis and Vis 9M,XF,BF,0.00406359673334626,0.00604302444638961,0.987807017600659,-0.0168718973580576,0.0249990908247501
Lmb and Vis 1M,BF,SF,-0.0051916467435577,0.0078214913453565,0.988586916343479,-0.0322884733904377,0.0219051799033223
Lmb and Vis 1M,SF,BF,0.0051916467435577,0.0078214913453565,0.988586916343479,-0.0219051799033223,0.0322884733904377
SoM and SoM 9M,BF,XF,0.0074834058908177,0.011591773835478,0.990100867975561,-0.0326752124954651,0.0476420242771005
SoM and SoM 9M,XF,BF,-0.0074834058908177,0.011591773835478,0.990100867975561,-0.0476420242771005,0.0326752124954651
SoM and Vis 1M,SF,UF,0.00634957856215917,0.00989635500365753,0.990410434678928,-0.027935419544921,0.0406345766692393
SoM and Vis 1M,UF,SF,-0.00634957856215917,0.00989635500365753,0.990410434678928,-0.0406345766692393,0.027935419544921
SoM and SoM 7M,SF,UF,-0.00670097328292044,0.0105288812560344,0.990802564848491,-0.0431772995464184,0.0297753529805775
SoM and SoM 7M,UF,SF,0.00670097328292044,0.0105288812560344,0.990802564848491,-0.0297753529805775,0.0431772995464184
Lmb and Vis 3M,BF,SF,0.00467204150276747,0.00734539249189971,0.990831403264849,-0.020775385109098,0.0301194681146329
Lmb and Vis 3M,SF,BF,-0.00467204150276747,0.00734539249189971,0.990831403264849,-0.0301194681146329,0.020775385109098
Lmb and SoM 1M,SF,XF,-0.00328718198032318,0.00529840730995203,0.991942000967007,-0.0216430195109199,0.0150686555502735
Lmb and SoM 1M,XF,SF,0.00328718198032318,0.00529840730995203,0.991942000967007,-0.0150686555502735,0.0216430195109199
SoM and SoM 1M,SF,XF,0.0061314919050652,0.00990061880328701,0.992016468051021,-0.0281682777378149,0.0404312615479453
SoM and SoM 1M,XF,SF,-0.0061314919050652,0.00990061880328701,0.992016468051021,-0.0404312615479453,0.0281682777378149
Lmb and SoM 3M,SF,UF,-0.00185338509397098,0.00303860772285446,0.992626212010148,-0.0123803579024163,0.00867358771447431
Lmb and SoM 3M,UF,SF,0.00185338509397098,0.00303860772285446,0.992626212010148,-0.00867358771447431,0.0123803579024163
Lmb and Lmb 3M,SF,UF,0.00549708131500138,0.00905949734572533,0.992824538175956,-0.0258887015550044,0.0368828641850072
Lmb and Lmb 3M,UF,SF,-0.00549708131500138,0.00905949734572533,0.992824538175956,-0.0368828641850072,0.0258887015550044
Lmb and Vis 1M,SF,UF,0.00464666492844157,0.0078214913453565,0.993578044053637,-0.0224501617184384,0.0317434915753215
Lmb and Vis 1M,UF,SF,-0.00464666492844157,0.0078214913453565,0.993578044053637,-0.0317434915753215,0.0224501617184384
Lmb and Vis 7M,UF,XF,0.00298653404524998,0.00506984726985024,0.993858502945876,-0.0145774785619938,0.0205505466524938
Lmb and Vis 7M,XF,UF,-0.00298653404524998,0.00506984726985024,0.993858502945876,-0.0205505466524938,0.0145774785619938
Lmb and Vis 3M,SF,XF,-0.00429649693824662,0.00734539249189971,0.994083785115517,-0.0297439235501121,0.0211509296736188
Lmb and Vis 3M,XF,SF,0.00429649693824662,0.00734539249189971,0.994083785115517,-0.0211509296736188,0.0297439235501121
Lmb and SoM 7M,BF,SF,0.00363939397741869,0.00632076762348611,0.994557293065617,-0.0182583154243179,0.0255371033791553
Lmb and SoM 7M,SF,BF,-0.00363939397741869,0.00632076762348611,0.994557293065617,-0.0255371033791553,0.0182583154243179
Vis and Vis 3M,SF,UF,0.00359770389943072,0.00625881795676707,0.994605381628941,-0.0180853866648237,0.0252807944636851
Vis and Vis 3M,UF,SF,-0.00359770389943072,0.00625881795676707,0.994605381628941,-0.0252807944636851,0.0180853866648237
Vis and Vis 1M,UF,XF,-0.0107282101950455,0.0187033023055133,0.994665994006133,-0.0755240551201396,0.0540676347300486
Vis and Vis 1M,XF,UF,0.0107282101950455,0.0187033023055133,0.994665994006133,-0.0540676347300486,0.0755240551201396
Lmb and SoM 9M,SF,UF,-0.00125892414627987,0.0022020171775755,0.994758514971647,-0.00888760710450358,0.00636975881194384
Lmb and SoM 9M,UF,SF,0.00125892414627987,0.0022020171775755,0.994758514971647,-0.00636975881194384,0.00888760710450358
Lmb and SoM 5M,BF,UF,-0.00203942728806045,0.00372307174411835,0.995829028077524,-0.0149376618049554,0.0108588072288345
Lmb and SoM 5M,UF,BF,0.00203942728806045,0.00372307174411835,0.995829028077524,-0.0108588072288345,0.0149376618049554
Vis and Vis 9M,BF,UF,-0.00330651065717106,0.00604302444638961,0.995854281131797,-0.0242420047485749,0.0176289834342328
Vis and Vis 9M,UF,BF,0.00330651065717106,0.00604302444638961,0.995854281131797,-0.0176289834342328,0.0242420047485749
Lmb and SoM 1M,SF,UF,0.00285369713322939,0.00529840730995203,0.996191629306662,-0.0155021403973673,0.0212095346638261
Lmb and SoM 1M,UF,SF,-0.00285369713322939,0.00529840730995203,0.996191629306662,-0.0212095346638261,0.0155021403973673
Lmb and SoM 7M,UF,XF,0.00322045247645518,0.00632076762348611,0.997181197468641,-0.0186772569252814,0.0251181618781918
Lmb and SoM 7M,XF,UF,-0.00322045247645518,0.00632076762348611,0.997181197468641,-0.0251181618781918,0.0186772569252814
Lmb and Lmb 3M,BF,SF,0.00451371298381747,0.00905949734572533,0.997505358554134,-0.0268720698861883,0.0358994958538233
Lmb and Lmb 3M,SF,BF,-0.00451371298381747,0.00905949734572533,0.997505358554134,-0.0358994958538233,0.0268720698861883
SoM and Vis 5M,SF,UF,0.0027684793089753,0.00567685122534872,0.997781560564471,-0.0168984418396015,0.0224354004575521
SoM and Vis 5M,UF,SF,-0.0027684793089753,0.00567685122534872,0.997781560564471,-0.0224354004575521,0.0168984418396015
SoM and Vis 5M,UF,XF,0.00275772710986727,0.00567685122534872,0.997828487507971,-0.0169091940387096,0.0224246482584441
SoM and Vis 5M,XF,UF,-0.00275772710986727,0.00567685122534872,0.997828487507971,-0.0224246482584441,0.0169091940387096
Lmb and Vis 9M,BF,UF,-0.00401018314402542,0.00837907823125754,0.997999563386766,-0.0330387175075935,0.0250183512195426
Lmb and Vis 9M,UF,BF,0.00401018314402542,0.00837907823125754,0.997999563386766,-0.0250183512195426,0.0330387175075935
Lmb and Vis 7M,BF,SF,0.00242193743313968,0.00506984726985024,0.998019766431774,-0.0151420751741041,0.0199859500403834
Lmb and Vis 7M,SF,BF,-0.00242193743313968,0.00506984726985024,0.998019766431774,-0.0199859500403834,0.0151420751741041
SoM and Vis 5M,BF,UF,0.00270288422651651,0.00567685122534872,0.998055838431374,-0.0169640369220603,0.0223698053750933
SoM and Vis 5M,UF,BF,-0.00270288422651651,0.00567685122534872,0.998055838431374,-0.0223698053750933,0.0169640369220603
SoM and SoM 1M,BF,XF,0.00461003968504642,0.00990061880328701,0.998281052703839,-0.0296897299578337,0.0389098093279265
SoM and SoM 1M,XF,BF,-0.00461003968504641,0.00990061880328701,0.998281052703839,-0.0389098093279265,0.0296897299578337
SoM and SoM 7M,SF,XF,0.00487179137423074,0.0105288812560344,0.9983399864688,-0.0316045348892672,0.0413481176377287
SoM and SoM 7M,XF,SF,-0.00487179137423074,0.0105288812560344,0.9983399864688,-0.0413481176377287,0.0316045348892672
Lmb and Vis 5M,BF,UF,0.00287916411940374,0.0062325312977781,0.998354841548993,-0.0187128587685855,0.0244711870073929
Lmb and Vis 5M,UF,BF,-0.00287916411940374,0.0062325312977781,0.998354841548993,-0.0244711870073929,0.0187128587685855
SoM and Vis 7M,BF,UF,0.00431107567083394,0.00951233202569912,0.998520477048849,-0.0286435106768142,0.0372656620184821
SoM and Vis 7M,UF,BF,-0.00431107567083394,0.00951233202569912,0.998520477048849,-0.0372656620184821,0.0286435106768142
Vis and Vis 3M,BF,XF,0.00279725246138151,0.00625881795676707,0.998630992311072,-0.0188858381028729,0.0244803430256359
Vis and Vis 3M,XF,BF,-0.00279725246138151,0.00625881795676707,0.998630992311072,-0.0244803430256359,0.0188858381028729
SoM and SoM 7M,BF,UF,0.00467672432676639,0.0105288812560344,0.998677266442017,-0.0317996019367315,0.0411530505902643
SoM and SoM 7M,UF,BF,-0.00467672432676639,0.0105288812560344,0.998677266442017,-0.0411530505902643,0.0317996019367315
Lmb and Lmb 5M,UF,XF,0.00228793335438562,0.00552985441498542,0.999111332282798,-0.0168697310665182,0.0214455977752895
Lmb and Lmb 5M,XF,UF,-0.00228793335438562,0.00552985441498542,0.999111332282798,-0.0214455977752895,0.0168697310665182
SoM and SoM 5M,SF,UF,0.00204822641845221,0.00520425399197126,0.999329881108155,-0.0159814257310063,0.0200778785679108
SoM and SoM 5M,UF,SF,-0.00204822641845221,0.00520425399197126,0.999329881108155,-0.0200778785679108,0.0159814257310063
Vis and Vis 7M,BF,SF,0.0057596871514616,0.0147898333205426,0.999368786367848,-0.0454783097889706,0.0569976840918938
Vis and Vis 7M,SF,BF,-0.0057596871514616,0.0147898333205426,0.999368786367848,-0.0569976840918938,0.0454783097889706
Lmb and Lmb 3M,UF,XF,-0.00339808334768476,0.00905949734572533,0.999490046481084,-0.0347838662176905,0.027987699522321
Lmb and Lmb 3M,XF,UF,0.00339808334768476,0.00905949734572533,0.999490046481084,-0.027987699522321,0.0347838662176905
Lmb and SoM 7M,SF,UF,0.00227362354326922,0.00632076762348611,0.99959839376948,-0.0196240858584674,0.0241713329450059
Lmb and SoM 7M,UF,SF,-0.00227362354326922,0.00632076762348611,0.99959839376948,-0.0241713329450059,0.0196240858584674
SoM and Vis 7M,SF,XF,0.00341500462320036,0.00951233202569911,0.999602833875938,-0.0295395817244478,0.0363695909708485
SoM and Vis 7M,XF,SF,-0.00341500462320036,0.00951233202569911,0.999602833875938,-0.0363695909708485,0.0295395817244478
Lmb and Lmb 7M,SF,UF,0.00387970393163236,0.0110610552047309,0.999652350430628,-0.0344402892998504,0.0421996971631151
Lmb and Lmb 7M,UF,SF,-0.00387970393163236,0.0110610552047309,0.999652350430628,-0.0421996971631151,0.0344402892998504
Lmb and Lmb 1M,SF,XF,-0.0033815014163372,0.01050141505082,0.999787424390198,-0.0397626735757801,0.0329996707431057
Lmb and Lmb 1M,XF,SF,0.0033815014163372,0.01050141505082,0.999787424390198,-0.0329996707431057,0.0397626735757801
Vis and Vis 1M,SF,UF,-0.00595227575207029,0.0187033023055133,0.999801353892531,-0.0707481206771644,0.0588435691730238
Vis and Vis 1M,UF,SF,0.00595227575207029,0.0187033023055133,0.999801353892531,-0.0588435691730238,0.0707481206771644
Vis and Vis 5M,SF,UF,0.00354922580052407,0.0111855677231897,0.999804731801787,-0.0352021294281882,0.0423005810292363
Vis and Vis 5M,UF,SF,-0.00354922580052407,0.0111855677231897,0.999804731801787,-0.0423005810292363,0.0352021294281882
Lmb and Vis 5M,BF,SF,0.00195796307373248,0.0062325312977781,0.999815681436804,-0.0196340598142567,0.0235499859617217
Lmb and Vis 5M,SF,BF,-0.00195796307373248,0.0062325312977781,0.999815681436804,-0.0235499859617217,0.0196340598142567
Lmb and Lmb 5M,BF,XF,0.00173293936260989,0.00552985441498542,0.999818289992174,-0.017424725058294,0.0208906037835138
Lmb and Lmb 5M,XF,BF,-0.00173293936260989,0.00552985441498542,0.999818289992174,-0.0208906037835138,0.017424725058294
SoM and SoM 1M,BF,UF,-0.00286597317492312,0.00990061880328701,0.999885311848788,-0.0371657428178032,0.031433796467957
SoM and SoM 1M,UF,BF,0.00286597317492312,0.00990061880328701,0.999885311848788,-0.031433796467957,0.0371657428178032
Lmb and SoM 1M,BF,SF,-0.00148197639658254,0.00529840730995203,0.999906091664221,-0.0198378139271792,0.0168738611340141
Lmb and SoM 1M,SF,BF,0.00148197639658254,0.00529840730995203,0.999906091664221,-0.0168738611340141,0.0198378139271792
SoM and Vis 9M,BF,XF,0.00274242729405934,0.00992293455848686,0.999912423509642,-0.0316346531995837,0.0371195077877024
SoM and Vis 9M,XF,BF,-0.00274242729405934,0.00992293455848686,0.999912423509642,-0.0371195077877024,0.0316346531995837
Vis and Vis 7M,BF,UF,0.00403115388843323,0.0147898333205426,0.99991923579482,-0.0472068430519989,0.0552691508288654
Vis and Vis 7M,UF,BF,-0.00403115388843323,0.0147898333205426,0.99991923579482,-0.0552691508288654,0.0472068430519989
Lmb and SoM 1M,BF,UF,0.00137172073664685,0.00529840730995204,0.99994020867632,-0.0169841167939498,0.0197275582672435
Lmb and SoM 1M,UF,BF,-0.00137172073664685,0.00529840730995204,0.99994020867632,-0.0197275582672435,0.0169841167939498
Lmb and Vis 5M,UF,XF,-0.00147540150828783,0.0062325312977781,0.999964625951493,-0.023067424396277,0.0201166213797014
Lmb and Vis 5M,XF,UF,0.00147540150828783,0.0062325312977781,0.999964625951493,-0.0201166213797014,0.023067424396277
Vis and Vis 5M,UF,XF,-0.00264477820732134,0.0111855677231897,0.999964871339946,-0.0413961334360336,0.0361065770213909
Vis and Vis 5M,XF,UF,0.00264477820732134,0.0111855677231897,0.999964871339946,-0.0361065770213909,0.0413961334360336
Lmb and Lmb 3M,SF,XF,0.00209899796731662,0.00905949734572533,0.999968825745616,-0.0292867849026892,0.0334847808373224
Lmb and Lmb 3M,XF,SF,-0.00209899796731662,0.00905949734572533,0.999968825745616,-0.0334847808373224,0.0292867849026892
Lmb and Vis 5M,BF,XF,0.0014037626111159,0.0062325312977781,0.999973603345048,-0.0201882602768733,0.0229957854991051
Lmb and Vis 5M,XF,BF,-0.0014037626111159,0.0062325312977781,0.999973603345048,-0.0229957854991051,0.0201882602768733
Lmb and Lmb 7M,SF,XF,0.00217782402195801,0.0110610552047309,0.999988062384593,-0.0361421692095247,0.0404978172534407
Lmb and Lmb 7M,XF,SF,-0.00217782402195801,0.0110610552047309,0.999988062384593,-0.0404978172534407,0.0361421692095247
SoM and SoM 9M,UF,XF,-0.002134554141621,0.011591773835478,0.999991967370578,-0.0422931725279038,0.0380240642446618
SoM and SoM 9M,XF,UF,0.002134554141621,0.011591773835478,0.999991967370578,-0.0380240642446618,0.0422931725279038
SoM and Vis 9M,SF,XF,0.00162396535275861,0.00992293455848686,0.999996009829846,-0.0327531151408845,0.0360010458464017
SoM and Vis 9M,XF,SF,-0.00162396535275861,0.00992293455848686,0.999996009829846,-0.0360010458464017,0.0327531151408845
Lmb and Lmb 7M,UF,XF,-0.00170187990967435,0.0110610552047309,0.999997235117041,-0.0400218731411571,0.0366181133218084
Lmb and Lmb 7M,XF,UF,0.00170187990967435,0.0110610552047309,0.999997235117041,-0.0366181133218084,0.0400218731411571
SoM and SoM 1M,BF,SF,-0.00152145222001879,0.00990061880328701,0.99999725535046,-0.0358212218628989,0.0327783174228613
SoM and SoM 1M,SF,BF,0.00152145222001879,0.00990061880328701,0.99999725535046,-0.0327783174228613,0.0358212218628989
Lmb and Vis 5M,SF,UF,0.000921201045671265,0.0062325312977781,0.999997822738673,-0.0206708218423179,0.0225132239336605
Lmb and Vis 5M,UF,SF,-0.000921201045671265,0.0062325312977781,0.999997822738673,-0.0225132239336605,0.0206708218423179
SoM and SoM 1M,SF,UF,-0.00134452095490433,0.00990061880328701,0.999998685205098,-0.0356442905977844,0.0329552486879758
SoM and SoM 1M,UF,SF,0.00134452095490433,0.00990061880328701,0.999998685205098,-0.0329552486879758,0.0356442905977844
Lmb and Lmb 1M,BF,UF,-0.00138248077778561,0.01050141505082,0.999998907465973,-0.0377636529372285,0.0349986913816572
Lmb and Lmb 1M,UF,BF,0.00138248077778561,0.01050141505082,0.999998907465973,-0.0349986913816572,0.0377636529372285
Vis and Vis 9M,UF,XF,-0.000757086076175197,0.00604302444638961,0.999999186965962,-0.021692580167579,0.0201784080152286
Vis and Vis 9M,XF,UF,0.000757086076175197,0.00604302444638961,0.999999186965962,-0.0201784080152286,0.021692580167579
Vis and Vis 7M,SF,UF,-0.00172853326302838,0.0147898333205426,0.999999462916596,-0.0529665302034605,0.0495094636774038
Vis and Vis 7M,UF,SF,0.00172853326302838,0.0147898333205426,0.999999462916596,-0.0495094636774038,0.0529665302034605
SoM and Vis 9M,BF,SF,0.00111846194130073,0.00992293455848686,0.999999567380071,-0.0332586185523423,0.0354955424349438
SoM and Vis 9M,SF,BF,-0.00111846194130073,0.00992293455848686,0.999999567380071,-0.0354955424349438,0.0332586185523423
SoM and Vis 1M,UF,XF,0.00110879888006558,0.00989635500365753,0.999999582593827,-0.0331761992270146,0.0353937969871457
SoM and Vis 1M,XF,UF,-0.00110879888006558,0.00989635500365753,0.999999582593827,-0.0353937969871457,0.0331761992270146
Lmb and Vis 1M,SF,XF,-0.00079457825676426,0.00782149134535649,0.999999767477719,-0.0278914049036442,0.0263022483901157
Lmb and Vis 1M,XF,SF,0.00079457825676426,0.00782149134535649,0.999999767477719,-0.0263022483901157,0.0278914049036442
Lmb and Lmb 5M,BF,UF,-0.000554993991775735,0.00552985441498542,0.999999783752989,-0.0197126584126796,0.0186026704291281
Lmb and Lmb 5M,UF,BF,0.000554993991775735,0.00552985441498542,0.999999783752989,-0.0186026704291281,0.0197126584126796
Lmb and Lmb 9M,BF,UF,-0.000574147880468891,0.00626299934690626,0.999999874175655,-0.0222717244805369,0.0211234287195991
Lmb and Lmb 9M,UF,BF,0.000574147880468891,0.00626299934690626,0.999999874175655,-0.0211234287195991,0.0222717244805369
Lmb and Vis 5M,SF,XF,-0.000554200462616571,0.0062325312977781,0.999999895148853,-0.0221462233506058,0.0210378224253726
Lmb and Vis 5M,XF,SF,0.000554200462616571,0.0062325312977781,0.999999895148853,-0.0210378224253726,0.0221462233506058
Vis and Vis 5M,SF,XF,0.000904447593202737,0.0111855677231897,0.999999940628418,-0.0378469076355095,0.039655802821915
Vis and Vis 5M,XF,SF,-0.000904447593202737,0.0111855677231897,0.999999940628418,-0.039655802821915,0.0378469076355095
Lmb and Vis 1M,BF,UF,-0.000544981815116123,0.0078214913453565,0.999999975644205,-0.0276418084619961,0.0265518448317639
Lmb and Vis 1M,UF,BF,0.000544981815116123,0.0078214913453565,0.999999975644205,-0.0265518448317639,0.0276418084619961
Lmb and Vis 3M,BF,XF,0.000375544564520854,0.00734539249189971,0.999999996189162,-0.0250718820473446,0.0258229711763863
Lmb and Vis 3M,XF,BF,-0.000375544564520855,0.00734539249189971,0.999999996189162,-0.0258229711763863,0.0250718820473446
SoM and Vis 3M,BF,XF,-0.000188453542592073,0.00369905674199027,0.999999996268955,-0.0130034903263622,0.012626583241178
SoM and Vis 3M,XF,BF,0.000188453542592073,0.00369905674199027,0.999999996268955,-0.012626583241178,0.0130034903263622
SoM and SoM 3M,SF,UF,-0.000106136230534989,0.00765150339783173,0.999999999998476,-0.0266140555012185,0.0264017830401485
SoM and SoM 3M,UF,SF,0.000106136230534989,0.00765150339783173,0.999999999998476,-0.0264017830401485,0.0266140555012185
SoM and Vis 5M,BF,SF,-6.55950824587873e-05,0.00567685122534872,0.999999999999491,-0.0197325162310356,0.019601326066118
SoM and Vis 5M,SF,BF,6.55950824587873e-05,0.00567685122534872,0.999999999999491,-0.019601326066118,0.0197325162310356
